20_20240721,TPE_HKI_20_102_10,20_20240721,2024-07-21
20_20240505,TPE_HKI_20_102_10,20_20240505,2024-05-05
20_20240609,TPE_HKI_20_102_10,20_20240609,2024-06-09
20_20240929,TPE_HKI_20_102_10,20_20240929,2024-09-29
20_20240901,TPE_HKI_20_102_10,20_20240901,2024-09-01
20_20241013,TPE_HKI_20_102_10,20_20241013,2024-10-13
20_20241117,TPE_HKI_20_102_10,20_20241117,2024-11-17
20_20241201,TPE_HKI_20_102_10,20_20241201,2024-12-01
20_20240825,TPE_HKI_20_102_10,20_20240825,2024-08-25
20_20240728,TPE_HKI_20_102_10,20_20240728,2024-07-28
20_20240804,TPE_HKI_20_102_10,20_20240804,2024-08-04
20_20240616,TPE_HKI_20_102_10,20_20240616,2024-06-16
20_20240428,TPE_HKI_20_102_10,20_20240428,2024-04-28
20_20240512,TPE_HKI_20_102_10,20_20240512,2024-05-12
20_20240908,TPE_HKI_20_102_10,20_20240908,2024-09-08
20_20241020,TPE_HKI_20_102_10,20_20241020,2024-10-20
20_20241124,TPE_HKI_20_102_10,20_20241124,2024-11-24
20_20241208,TPE_HKI_20_102_10,20_20241208,2024-12-08
20_20240623,TPE_HKI_20_102_10,20_20240623,2024-06-23
20_20240519,TPE_HKI_20_102_10,20_20240519,2024-05-19
20_20240915,TPE_HKI_20_102_10,20_20240915,2024-09-15
20_20241027,TPE_HKI_20_102_10,20_20241027,2024-10-27
20_20241103,TPE_HKI_20_102_10,20_20241103,2024-11-03
20_20240707,TPE_HKI_20_102_10,20_20240707,2024-07-07
20_20240811,TPE_HKI_20_102_10,20_20240811,2024-08-11
20_20240526,TPE_HKI_20_102_10,20_20240526,2024-05-26
20_20240602,TPE_HKI_20_102_10,20_20240602,2024-06-02
20_20240630,TPE_HKI_20_102_10,20_20240630,2024-06-30
20_20240714,TPE_HKI_20_102_10,20_20240714,2024-07-14
20_20240922,TPE_HKI_20_102_10,20_20240922,2024-09-22
20_20240818,TPE_HKI_20_102_10,20_20240818,2024-08-18
20_20241006,TPE_HKI_20_102_10,20_20241006,2024-10-06
20_20241110,TPE_HKI_20_102_10,20_20241110,2024-11-10
48_20240601,TPE_HKI_48_102_10,48_20240601,2024-06-01
48_20240713,TPE_HKI_48_102_10,48_20240713,2024-07-13
48_20240509,TPE_HKI_48_102_10,48_20240509,2024-05-09
48_20240501,TPE_HKI_48_102_10,48_20240501,2024-05-01
48_20240525,TPE_HKI_48_102_10,48_20240525,2024-05-25
48_20240817,TPE_HKI_48_102_10,48_20240817,2024-08-17
48_20240921,TPE_HKI_48_102_10,48_20240921,2024-09-21
48_20241005,TPE_HKI_48_102_10,48_20241005,2024-10-05
48_20241109,TPE_HKI_48_102_10,48_20241109,2024-11-09
48_20240629,TPE_HKI_48_102_10,48_20240629,2024-06-29
48_20240504,TPE_HKI_48_102_10,48_20240504,2024-05-04
48_20240608,TPE_HKI_48_102_10,48_20240608,2024-06-08
48_20240720,TPE_HKI_48_102_10,48_20240720,2024-07-20
48_20240824,TPE_HKI_48_102_10,48_20240824,2024-08-24
48_20240928,TPE_HKI_48_102_10,48_20240928,2024-09-28
48_20241012,TPE_HKI_48_102_10,48_20241012,2024-10-12
48_20241116,TPE_HKI_48_102_10,48_20241116,2024-11-16
48_20240615,TPE_HKI_48_102_10,48_20240615,2024-06-15
48_20240727,TPE_HKI_48_102_10,48_20240727,2024-07-27
48_20240511,TPE_HKI_48_102_10,48_20240511,2024-05-11
48_20240427,TPE_HKI_48_102_10,48_20240427,2024-04-27
48_20240907,TPE_HKI_48_102_10,48_20240907,2024-09-07
48_20241019,TPE_HKI_48_102_10,48_20241019,2024-10-19
48_20241123,TPE_HKI_48_102_10,48_20241123,2024-11-23
48_20241207,TPE_HKI_48_102_10,48_20241207,2024-12-07
48_20240803,TPE_HKI_48_102_10,48_20240803,2024-08-03
48_20240831,TPE_HKI_48_102_10,48_20240831,2024-08-31
48_20240914,TPE_HKI_48_102_10,48_20240914,2024-09-14
48_20240706,TPE_HKI_48_102_10,48_20240706,2024-07-06
48_20240810,TPE_HKI_48_102_10,48_20240810,2024-08-10
48_20240622,TPE_HKI_48_102_10,48_20240622,2024-06-22
48_20240518,TPE_HKI_48_102_10,48_20240518,2024-05-18
48_20241026,TPE_HKI_48_102_10,48_20241026,2024-10-26
48_20241130,TPE_HKI_48_102_10,48_20241130,2024-11-30
48_20241102,TPE_HKI_48_102_10,48_20241102,2024-11-02
48_20241214,TPE_HKI_48_102_10,48_20241214,2024-12-14
80_20240501,TPE_HKI_80_102_10,80_20240501,2024-05-01
80_20240509,TPE_HKI_80_102_10,80_20240509,2024-05-09
80_20240602,TPE_HKI_80_102_10,80_20240602,2024-06-02
80_20240526,TPE_HKI_80_102_10,80_20240526,2024-05-26
80_20240630,TPE_HKI_80_102_10,80_20240630,2024-06-30
80_20240714,TPE_HKI_80_102_10,80_20240714,2024-07-14
80_20240818,TPE_HKI_80_102_10,80_20240818,2024-08-18
80_20240922,TPE_HKI_80_102_10,80_20240922,2024-09-22
80_20241006,TPE_HKI_80_102_10,80_20241006,2024-10-06
80_20241110,TPE_HKI_80_102_10,80_20241110,2024-11-10
80_20240505,TPE_HKI_80_102_10,80_20240505,2024-05-05
80_20240609,TPE_HKI_80_102_10,80_20240609,2024-06-09
80_20240825,TPE_HKI_80_102_10,80_20240825,2024-08-25
80_20240721,TPE_HKI_80_102_10,80_20240721,2024-07-21
80_20240929,TPE_HKI_80_102_10,80_20240929,2024-09-29
80_20241013,TPE_HKI_80_102_10,80_20241013,2024-10-13
80_20241117,TPE_HKI_80_102_10,80_20241117,2024-11-17
80_20240901,TPE_HKI_80_102_10,80_20240901,2024-09-01
80_20241027,TPE_HKI_80_102_10,80_20241027,2024-10-27
80_20240804,TPE_HKI_80_102_10,80_20240804,2024-08-04
80_20240428,TPE_HKI_80_102_10,80_20240428,2024-04-28
80_20240512,TPE_HKI_80_102_10,80_20240512,2024-05-12
80_20240616,TPE_HKI_80_102_10,80_20240616,2024-06-16
80_20240908,TPE_HKI_80_102_10,80_20240908,2024-09-08
80_20241020,TPE_HKI_80_102_10,80_20241020,2024-10-20
80_20241124,TPE_HKI_80_102_10,80_20241124,2024-11-24
80_20241208,TPE_HKI_80_102_10,80_20241208,2024-12-08
80_20240728,TPE_HKI_80_102_10,80_20240728,2024-07-28
80_20241201,TPE_HKI_80_102_10,80_20241201,2024-12-01
80_20241026,TPE_HKI_80_102_10,80_20241026,2024-10-26
80_20241214,TPE_HKI_80_102_10,80_20241214,2024-12-14
80_20240623,TPE_HKI_80_102_10,80_20240623,2024-06-23
80_20240519,TPE_HKI_80_102_10,80_20240519,2024-05-19
80_20240707,TPE_HKI_80_102_10,80_20240707,2024-07-07
80_20240811,TPE_HKI_80_102_10,80_20240811,2024-08-11
80_20240915,TPE_HKI_80_102_10,80_20240915,2024-09-15
80_20241103,TPE_HKI_80_102_10,80_20241103,2024-11-03
140_20240901,TPE_HKI_140_102_10,140_20240901,2024-09-01
140_20241201,TPE_HKI_140_102_10,140_20241201,2024-12-01
140_20241117,TPE_HKI_140_102_10,140_20241117,2024-11-17
140_20240825,TPE_HKI_140_102_10,140_20240825,2024-08-25
140_20240609,TPE_HKI_140_102_10,140_20240609,2024-06-09
140_20240908,TPE_HKI_140_102_10,140_20240908,2024-09-08
140_20240616,TPE_HKI_140_102_10,140_20240616,2024-06-16
140_20241124,TPE_HKI_140_102_10,140_20241124,2024-11-24
140_20241208,TPE_HKI_140_102_10,140_20241208,2024-12-08
140_20240915,TPE_HKI_140_102_10,140_20240915,2024-09-15
140_20240623,TPE_HKI_140_102_10,140_20240623,2024-06-23
140_20240707,TPE_HKI_140_102_10,140_20240707,2024-07-07
140_20240922,TPE_HKI_140_102_10,140_20240922,2024-09-22
140_20240630,TPE_HKI_140_102_10,140_20240630,2024-06-30
140_20241006,TPE_HKI_140_102_10,140_20241006,2024-10-06
140_20240714,TPE_HKI_140_102_10,140_20240714,2024-07-14
140_20240929,TPE_HKI_140_102_10,140_20240929,2024-09-29
140_20240505,TPE_HKI_140_102_10,140_20240505,2024-05-05
140_20241013,TPE_HKI_140_102_10,140_20241013,2024-10-13
140_20240721,TPE_HKI_140_102_10,140_20240721,2024-07-21
140_20240728,TPE_HKI_140_102_10,140_20240728,2024-07-28
140_20241020,TPE_HKI_140_102_10,140_20241020,2024-10-20
140_20240804,TPE_HKI_140_102_10,140_20240804,2024-08-04
140_20240512,TPE_HKI_140_102_10,140_20240512,2024-05-12
140_20240428,TPE_HKI_140_102_10,140_20240428,2024-04-28
140_20240811,TPE_HKI_140_102_10,140_20240811,2024-08-11
140_20241027,TPE_HKI_140_102_10,140_20241027,2024-10-27
140_20240519,TPE_HKI_140_102_10,140_20240519,2024-05-19
140_20241103,TPE_HKI_140_102_10,140_20241103,2024-11-03
140_20240602,TPE_HKI_140_102_10,140_20240602,2024-06-02
140_20240526,TPE_HKI_140_102_10,140_20240526,2024-05-26
140_20241110,TPE_HKI_140_102_10,140_20241110,2024-11-10
140_20240818,TPE_HKI_140_102_10,140_20240818,2024-08-18
160_20240701,TPE_HKI_160_102_10,160_20240701,2024-07-01
160_20240805,TPE_HKI_160_102_10,160_20240805,2024-08-05
160_20240729,TPE_HKI_160_102_10,160_20240729,2024-07-29
160_20240513,TPE_HKI_160_102_10,160_20240513,2024-05-13
160_20240617,TPE_HKI_160_102_10,160_20240617,2024-06-17
160_20240429,TPE_HKI_160_102_10,160_20240429,2024-04-29
160_20240909,TPE_HKI_160_102_10,160_20240909,2024-09-09
160_20241021,TPE_HKI_160_102_10,160_20241021,2024-10-21
160_20241125,TPE_HKI_160_102_10,160_20241125,2024-11-25
160_20241209,TPE_HKI_160_102_10,160_20241209,2024-12-09
160_20240630,TPE_HKI_160_102_10,160_20240630,2024-06-30
160_20240818,TPE_HKI_160_102_10,160_20240818,2024-08-18
160_20240526,TPE_HKI_160_102_10,160_20240526,2024-05-26
160_20240714,TPE_HKI_160_102_10,160_20240714,2024-07-14
160_20241006,TPE_HKI_160_102_10,160_20241006,2024-10-06
160_20240922,TPE_HKI_160_102_10,160_20240922,2024-09-22
160_20241110,TPE_HKI_160_102_10,160_20241110,2024-11-10
160_20240602,TPE_HKI_160_102_10,160_20240602,2024-06-02
160_20240624,TPE_HKI_160_102_10,160_20240624,2024-06-24
160_20240520,TPE_HKI_160_102_10,160_20240520,2024-05-20
160_20240708,TPE_HKI_160_102_10,160_20240708,2024-07-08
160_20240812,TPE_HKI_160_102_10,160_20240812,2024-08-12
160_20240916,TPE_HKI_160_102_10,160_20240916,2024-09-16
160_20241028,TPE_HKI_160_102_10,160_20241028,2024-10-28
160_20241104,TPE_HKI_160_102_10,160_20241104,2024-11-04
160_20240721,TPE_HKI_160_102_10,160_20240721,2024-07-21
160_20240609,TPE_HKI_160_102_10,160_20240609,2024-06-09
160_20240825,TPE_HKI_160_102_10,160_20240825,2024-08-25
160_20240929,TPE_HKI_160_102_10,160_20240929,2024-09-29
160_20241013,TPE_HKI_160_102_10,160_20241013,2024-10-13
160_20241117,TPE_HKI_160_102_10,160_20241117,2024-11-17
160_20240901,TPE_HKI_160_102_10,160_20240901,2024-09-01
160_20240505,TPE_HKI_160_102_10,160_20240505,2024-05-05
160_20241201,TPE_HKI_160_102_10,160_20241201,2024-12-01
160_20240819,TPE_HKI_160_102_10,160_20240819,2024-08-19
160_20240923,TPE_HKI_160_102_10,160_20240923,2024-09-23
160_20240603,TPE_HKI_160_102_10,160_20240603,2024-06-03
160_20240527,TPE_HKI_160_102_10,160_20240527,2024-05-27
160_20241007,TPE_HKI_160_102_10,160_20241007,2024-10-07
160_20241111,TPE_HKI_160_102_10,160_20241111,2024-11-11
160_20240715,TPE_HKI_160_102_10,160_20240715,2024-07-15
160_20240512,TPE_HKI_160_102_10,160_20240512,2024-05-12
160_20240428,TPE_HKI_160_102_10,160_20240428,2024-04-28
160_20240908,TPE_HKI_160_102_10,160_20240908,2024-09-08
160_20241020,TPE_HKI_160_102_10,160_20241020,2024-10-20
160_20241124,TPE_HKI_160_102_10,160_20241124,2024-11-24
160_20241208,TPE_HKI_160_102_10,160_20241208,2024-12-08
160_20240728,TPE_HKI_160_102_10,160_20240728,2024-07-28
160_20240616,TPE_HKI_160_102_10,160_20240616,2024-06-16
160_20240804,TPE_HKI_160_102_10,160_20240804,2024-08-04
160_20240722,TPE_HKI_160_102_10,160_20240722,2024-07-22
160_20240506,TPE_HKI_160_102_10,160_20240506,2024-05-06
160_20240610,TPE_HKI_160_102_10,160_20240610,2024-06-10
160_20240930,TPE_HKI_160_102_10,160_20240930,2024-09-30
160_20240826,TPE_HKI_160_102_10,160_20240826,2024-08-26
160_20240902,TPE_HKI_160_102_10,160_20240902,2024-09-02
160_20241014,TPE_HKI_160_102_10,160_20241014,2024-10-14
160_20241118,TPE_HKI_160_102_10,160_20241118,2024-11-18
160_20241202,TPE_HKI_160_102_10,160_20241202,2024-12-02
160_20241213,TPE_HKI_160_102_10,160_20241213,2024-12-13
160_20240519,TPE_HKI_160_102_10,160_20240519,2024-05-19
160_20240623,TPE_HKI_160_102_10,160_20240623,2024-06-23
160_20240707,TPE_HKI_160_102_10,160_20240707,2024-07-07
160_20240811,TPE_HKI_160_102_10,160_20240811,2024-08-11
160_20240915,TPE_HKI_160_102_10,160_20240915,2024-09-15
160_20241027,TPE_HKI_160_102_10,160_20241027,2024-10-27
160_20241103,TPE_HKI_160_102_10,160_20241103,2024-11-03
162_20241005,TPE_HKI_162_102_10,162_20241005,2024-10-05
162_20241027,TPE_HKI_162_102_10,162_20241027,2024-10-27
162_20240825,TPE_HKI_162_102_10,162_20240825,2024-08-25
162_20240901,TPE_HKI_162_102_10,162_20240901,2024-09-01
162_20240915,TPE_HKI_162_102_10,162_20240915,2024-09-15
162_20240929,TPE_HKI_162_102_10,162_20240929,2024-09-29
162_20241013,TPE_HKI_162_102_10,162_20241013,2024-10-13
162_20241103,TPE_HKI_162_102_10,162_20241103,2024-11-03
162_20241117,TPE_HKI_162_102_10,162_20241117,2024-11-17
162_20241201,TPE_HKI_162_102_10,162_20241201,2024-12-01
162_20240824,TPE_HKI_162_102_10,162_20240824,2024-08-24
162_20240914,TPE_HKI_162_102_10,162_20240914,2024-09-14
162_20240928,TPE_HKI_162_102_10,162_20240928,2024-09-28
162_20241012,TPE_HKI_162_102_10,162_20241012,2024-10-12
162_20241026,TPE_HKI_162_102_10,162_20241026,2024-10-26
162_20241116,TPE_HKI_162_102_10,162_20241116,2024-11-16
162_20241130,TPE_HKI_162_102_10,162_20241130,2024-11-30
162_20241214,TPE_HKI_162_102_10,162_20241214,2024-12-14
162_20241102,TPE_HKI_162_102_10,162_20241102,2024-11-02
162_20240817,TPE_HKI_162_102_10,162_20240817,2024-08-17
162_20240818,TPE_HKI_162_102_10,162_20240818,2024-08-18
162_20240908,TPE_HKI_162_102_10,162_20240908,2024-09-08
162_20240922,TPE_HKI_162_102_10,162_20240922,2024-09-22
162_20241006,TPE_HKI_162_102_10,162_20241006,2024-10-06
162_20241020,TPE_HKI_162_102_10,162_20241020,2024-10-20
162_20241110,TPE_HKI_162_102_10,162_20241110,2024-11-10
162_20241124,TPE_HKI_162_102_10,162_20241124,2024-11-24
162_20241208,TPE_HKI_162_102_10,162_20241208,2024-12-08
162_20240623,TPE_HKI_162_102_10,162_20240623,2024-06-23
162_20240831,TPE_HKI_162_102_10,162_20240831,2024-08-31
162_20240907,TPE_HKI_162_102_10,162_20240907,2024-09-07
162_20240921,TPE_HKI_162_102_10,162_20240921,2024-09-21
162_20241019,TPE_HKI_162_102_10,162_20241019,2024-10-19
162_20241109,TPE_HKI_162_102_10,162_20241109,2024-11-09
162_20241123,TPE_HKI_162_102_10,162_20241123,2024-11-23
162_20241207,TPE_HKI_162_102_10,162_20241207,2024-12-07
166_20241213,TPE_HKI_166_102_10,166_20241213,2024-12-13
65704_20241213,HA_LH_65704_100_10,65704_20241213,2024-12-13
171_20240601,HKI_TPE_171_102_10,171_20240601,2024-06-01
171_20240713,HKI_TPE_171_102_10,171_20240713,2024-07-13
171_20240525,HKI_TPE_171_102_10,171_20240525,2024-05-25
171_20240629,HKI_TPE_171_102_10,171_20240629,2024-06-29
171_20240921,HKI_TPE_171_102_10,171_20240921,2024-09-21
171_20240817,HKI_TPE_171_102_10,171_20240817,2024-08-17
171_20241005,HKI_TPE_171_102_10,171_20241005,2024-10-05
171_20241109,HKI_TPE_171_102_10,171_20241109,2024-11-09
171_20240726,HKI_TPE_171_102_10,171_20240726,2024-07-26
171_20240614,HKI_TPE_171_102_10,171_20240614,2024-06-14
171_20240426,HKI_TPE_171_102_10,171_20240426,2024-04-26
171_20240510,HKI_TPE_171_102_10,171_20240510,2024-05-10
171_20240830,HKI_TPE_171_102_10,171_20240830,2024-08-30
171_20240906,HKI_TPE_171_102_10,171_20240906,2024-09-06
171_20241018,HKI_TPE_171_102_10,171_20241018,2024-10-18
171_20241122,HKI_TPE_171_102_10,171_20241122,2024-11-22
171_20241206,HKI_TPE_171_102_10,171_20241206,2024-12-06
171_20240802,HKI_TPE_171_102_10,171_20240802,2024-08-02
171_20240608,HKI_TPE_171_102_10,171_20240608,2024-06-08
171_20240504,HKI_TPE_171_102_10,171_20240504,2024-05-04
171_20240628,HKI_TPE_171_102_10,171_20240628,2024-06-28
171_20240720,HKI_TPE_171_102_10,171_20240720,2024-07-20
171_20240824,HKI_TPE_171_102_10,171_20240824,2024-08-24
171_20240928,HKI_TPE_171_102_10,171_20240928,2024-09-28
171_20241012,HKI_TPE_171_102_10,171_20241012,2024-10-12
171_20241116,HKI_TPE_171_102_10,171_20241116,2024-11-16
171_20240429,HKI_TPE_171_102_10,171_20240429,2024-04-29
171_20240517,HKI_TPE_171_102_10,171_20240517,2024-05-17
171_20240621,HKI_TPE_171_102_10,171_20240621,2024-06-21
171_20240809,HKI_TPE_171_102_10,171_20240809,2024-08-09
171_20240913,HKI_TPE_171_102_10,171_20240913,2024-09-13
171_20241025,HKI_TPE_171_102_10,171_20241025,2024-10-25
171_20241129,HKI_TPE_171_102_10,171_20241129,2024-11-29
171_20241213,HKI_TPE_171_102_10,171_20241213,2024-12-13
171_20241101,HKI_TPE_171_102_10,171_20241101,2024-11-01
171_20240705,HKI_TPE_171_102_10,171_20240705,2024-07-05
171_20240615,HKI_TPE_171_102_10,171_20240615,2024-06-15
171_20240831,HKI_TPE_171_102_10,171_20240831,2024-08-31
171_20240427,HKI_TPE_171_102_10,171_20240427,2024-04-27
171_20240511,HKI_TPE_171_102_10,171_20240511,2024-05-11
171_20240503,HKI_TPE_171_102_10,171_20240503,2024-05-03
171_20240907,HKI_TPE_171_102_10,171_20240907,2024-09-07
171_20241019,HKI_TPE_171_102_10,171_20241019,2024-10-19
171_20240803,HKI_TPE_171_102_10,171_20240803,2024-08-03
171_20241123,HKI_TPE_171_102_10,171_20241123,2024-11-23
171_20241207,HKI_TPE_171_102_10,171_20241207,2024-12-07
171_20240727,HKI_TPE_171_102_10,171_20240727,2024-07-27
171_20240502,HKI_TPE_171_102_10,171_20240502,2024-05-02
171_20240627,HKI_TPE_171_102_10,171_20240627,2024-06-27
171_20240524,HKI_TPE_171_102_10,171_20240524,2024-05-24
171_20240712,HKI_TPE_171_102_10,171_20240712,2024-07-12
171_20240816,HKI_TPE_171_102_10,171_20240816,2024-08-16
171_20240920,HKI_TPE_171_102_10,171_20240920,2024-09-20
171_20241108,HKI_TPE_171_102_10,171_20241108,2024-11-08
171_20241004,HKI_TPE_171_102_10,171_20241004,2024-10-04
171_20240810,HKI_TPE_171_102_10,171_20240810,2024-08-10
171_20240622,HKI_TPE_171_102_10,171_20240622,2024-06-22
171_20240518,HKI_TPE_171_102_10,171_20240518,2024-05-18
171_20240706,HKI_TPE_171_102_10,171_20240706,2024-07-06
171_20240914,HKI_TPE_171_102_10,171_20240914,2024-09-14
171_20241026,HKI_TPE_171_102_10,171_20241026,2024-10-26
171_20241102,HKI_TPE_171_102_10,171_20241102,2024-11-02
171_20241130,HKI_TPE_171_102_10,171_20241130,2024-11-30
171_20241214,HKI_TPE_171_102_10,171_20241214,2024-12-14
171_20240531,HKI_TPE_171_102_10,171_20240531,2024-05-31
171_20240607,HKI_TPE_171_102_10,171_20240607,2024-06-07
171_20240719,HKI_TPE_171_102_10,171_20240719,2024-07-19
171_20240823,HKI_TPE_171_102_10,171_20240823,2024-08-23
171_20240927,HKI_TPE_171_102_10,171_20240927,2024-09-27
171_20241011,HKI_TPE_171_102_10,171_20241011,2024-10-11
171_20241115,HKI_TPE_171_102_10,171_20241115,2024-11-15
178_20240609,TPE_HKI_178_102_10,178_20240609,2024-06-09
178_20240509,TPE_HKI_178_102_10,178_20240509,2024-05-09
178_20240825,TPE_HKI_178_102_10,178_20240825,2024-08-25
178_20240901,TPE_HKI_178_102_10,178_20240901,2024-09-01
178_20241117,TPE_HKI_178_102_10,178_20241117,2024-11-17
178_20241201,TPE_HKI_178_102_10,178_20241201,2024-12-01
178_20240502,TPE_HKI_178_102_10,178_20240502,2024-05-02
178_20240620,TPE_HKI_178_102_10,178_20240620,2024-06-20
178_20240704,TPE_HKI_178_102_10,178_20240704,2024-07-04
178_20240912,TPE_HKI_178_102_10,178_20240912,2024-09-12
178_20241128,TPE_HKI_178_102_10,178_20241128,2024-11-28
178_20241212,TPE_HKI_178_102_10,178_20241212,2024-12-12
178_20240908,TPE_HKI_178_102_10,178_20240908,2024-09-08
178_20240616,TPE_HKI_178_102_10,178_20240616,2024-06-16
178_20240516,TPE_HKI_178_102_10,178_20240516,2024-05-16
178_20241124,TPE_HKI_178_102_10,178_20241124,2024-11-24
178_20241208,TPE_HKI_178_102_10,178_20241208,2024-12-08
178_20240627,TPE_HKI_178_102_10,178_20240627,2024-06-27
178_20240711,TPE_HKI_178_102_10,178_20240711,2024-07-11
178_20240919,TPE_HKI_178_102_10,178_20240919,2024-09-19
178_20240707,TPE_HKI_178_102_10,178_20240707,2024-07-07
178_20240515,TPE_HKI_178_102_10,178_20240515,2024-05-15
178_20240523,TPE_HKI_178_102_10,178_20240523,2024-05-23
178_20240623,TPE_HKI_178_102_10,178_20240623,2024-06-23
178_20240915,TPE_HKI_178_102_10,178_20240915,2024-09-15
178_20240718,TPE_HKI_178_102_10,178_20240718,2024-07-18
178_20240926,TPE_HKI_178_102_10,178_20240926,2024-09-26
178_20241010,TPE_HKI_178_102_10,178_20241010,2024-10-10
178_20241003,TPE_HKI_178_102_10,178_20241003,2024-10-03
178_20240630,TPE_HKI_178_102_10,178_20240630,2024-06-30
178_20240514,TPE_HKI_178_102_10,178_20240514,2024-05-14
178_20240922,TPE_HKI_178_102_10,178_20240922,2024-09-22
178_20241006,TPE_HKI_178_102_10,178_20241006,2024-10-06
178_20240714,TPE_HKI_178_102_10,178_20240714,2024-07-14
178_20240522,TPE_HKI_178_102_10,178_20240522,2024-05-22
178_20240425,TPE_HKI_178_102_10,178_20240425,2024-04-25
178_20240725,TPE_HKI_178_102_10,178_20240725,2024-07-25
178_20241017,TPE_HKI_178_102_10,178_20241017,2024-10-17
178_20240801,TPE_HKI_178_102_10,178_20240801,2024-08-01
178_20240513,TPE_HKI_178_102_10,178_20240513,2024-05-13
178_20240429,TPE_HKI_178_102_10,178_20240429,2024-04-29
178_20240521,TPE_HKI_178_102_10,178_20240521,2024-05-21
178_20240721,TPE_HKI_178_102_10,178_20240721,2024-07-21
178_20240929,TPE_HKI_178_102_10,178_20240929,2024-09-29
178_20241013,TPE_HKI_178_102_10,178_20241013,2024-10-13
178_20240508,TPE_HKI_178_102_10,178_20240508,2024-05-08
178_20240808,TPE_HKI_178_102_10,178_20240808,2024-08-08
178_20241024,TPE_HKI_178_102_10,178_20241024,2024-10-24
178_20240804,TPE_HKI_178_102_10,178_20240804,2024-08-04
178_20240728,TPE_HKI_178_102_10,178_20240728,2024-07-28
178_20241020,TPE_HKI_178_102_10,178_20241020,2024-10-20
178_20240428,TPE_HKI_178_102_10,178_20240428,2024-04-28
178_20240520,TPE_HKI_178_102_10,178_20240520,2024-05-20
178_20240815,TPE_HKI_178_102_10,178_20240815,2024-08-15
178_20241031,TPE_HKI_178_102_10,178_20241031,2024-10-31
178_20241107,TPE_HKI_178_102_10,178_20241107,2024-11-07
178_20240519,TPE_HKI_178_102_10,178_20240519,2024-05-19
178_20240811,TPE_HKI_178_102_10,178_20240811,2024-08-11
178_20241027,TPE_HKI_178_102_10,178_20241027,2024-10-27
178_20241103,TPE_HKI_178_102_10,178_20241103,2024-11-03
178_20240530,TPE_HKI_178_102_10,178_20240530,2024-05-30
178_20240606,TPE_HKI_178_102_10,178_20240606,2024-06-06
178_20240822,TPE_HKI_178_102_10,178_20240822,2024-08-22
178_20241114,TPE_HKI_178_102_10,178_20241114,2024-11-14
178_20240526,TPE_HKI_178_102_10,178_20240526,2024-05-26
178_20240602,TPE_HKI_178_102_10,178_20240602,2024-06-02
178_20240818,TPE_HKI_178_102_10,178_20240818,2024-08-18
178_20241110,TPE_HKI_178_102_10,178_20241110,2024-11-10
178_20240512,TPE_HKI_178_102_10,178_20240512,2024-05-12
178_20240613,TPE_HKI_178_102_10,178_20240613,2024-06-13
178_20240829,TPE_HKI_178_102_10,178_20240829,2024-08-29
178_20240905,TPE_HKI_178_102_10,178_20240905,2024-09-05
178_20241121,TPE_HKI_178_102_10,178_20241121,2024-11-21
178_20241205,TPE_HKI_178_102_10,178_20241205,2024-12-05
180_20240627,TPE_HKI_180_102_10,180_20240627,2024-06-27
180_20241026,TPE_HKI_180_102_10,180_20241026,2024-10-26
180_20241214,TPE_HKI_180_102_10,180_20241214,2024-12-14
184_20241214,TPE_HKI_184_102_10,184_20241214,2024-12-14
184_20240623,TPE_HKI_184_102_10,184_20240623,2024-06-23
188_20241214,TPE_HKI_188_102_10,188_20241214,2024-12-14
8405_20241213,HKI_KKN_L_109_10,8405_20241213,2024-12-13
8407_20241214,HKI_KKN_L_109_10,8407_20241214,2024-12-14
8409_20241214,HKI_KKN_L_109_10,8409_20241214,2024-12-14
8411_20241214,HKI_KKN_L_109_10,8411_20241214,2024-12-14
8413_20241214,HKI_KKN_L_109_10,8413_20241214,2024-12-14
8415_20241214,HKI_KKN_L_109_10,8415_20241214,2024-12-14
8417_20241208,HKI_KKN_L_109_10,8417_20241208,2024-12-08
8419_20241208,HKI_KKN_L_109_10,8419_20241208,2024-12-08
8551_20241214,HKI_KKN_L_109_10,8551_20241214,2024-12-14
8553_20241214,HKI_KKN_L_109_10,8553_20241214,2024-12-14
65898_20241213,ÄKI_SUO_65898_100_10,65898_20241213,2024-12-13
8555_20241214,HKI_KKN_L_109_10,8555_20241214,2024-12-14
8557_20241214,HKI_KKN_L_109_10,8557_20241214,2024-12-14
8559_20241214,HKI_KKN_L_109_10,8559_20241214,2024-12-14
8561_20241214,HKI_KKN_L_109_10,8561_20241214,2024-12-14
8563_20241214,HKI_KKN_L_109_10,8563_20241214,2024-12-14
8565_20241214,HKI_KKN_L_109_10,8565_20241214,2024-12-14
8567_20241214,HKI_KKN_L_109_10,8567_20241214,2024-12-14
8569_20241214,HKI_KKN_L_109_10,8569_20241214,2024-12-14
486_20241214,SK_JY_486_102_10,486_20241214,2024-12-14
688_20251231,TPE_HKI_688_102_10,688_20251231,2025-12-31
711_20240428,SIJ_OL_711_102_10,711_20240428,2024-04-28
711_20240504,SIJ_OL_711_102_10,711_20240504,2024-05-04
711_20240707,SIJ_OL_711_102_10,711_20240707,2024-07-07
711_20240602,SIJ_OL_711_102_10,711_20240602,2024-06-02
711_20240622,SIJ_OL_711_102_10,711_20240622,2024-06-22
863_20240622,SIJ_OL_863_102_10,863_20240622,2024-06-22
58222_20251231,ILM_PMT_58222_100_10,58222_20251231,2025-12-31
928_20240523,TPE_TKU_928_102_10,928_20240523,2024-05-23
66467_20251231,NRLR_NRL_66467_100_5156,66467_20251231,2025-12-31
954_20240509,KUT_KKN_954_102_10,954_20240509,2024-05-09
954_20240505,KUT_KKN_954_102_10,954_20240505,2024-05-05
954_20240519,KUT_KKN_954_102_10,954_20240519,2024-05-19
954_20240526,KUT_KKN_954_102_10,954_20240526,2024-05-26
966_20240513,KUT_HKI_966_102_10,966_20240513,2024-05-13
966_20240515,KUT_HKI_966_102_10,966_20240515,2024-05-15
966_20240521,KUT_HKI_966_102_10,966_20240521,2024-05-21
966_20240523,KUT_HKI_966_102_10,966_20240523,2024-05-23
966_20240518,KUT_HKI_966_102_10,966_20240518,2024-05-18
966_20240504,KUT_HKI_966_102_10,966_20240504,2024-05-04
966_20240508,KUT_HKI_966_102_10,966_20240508,2024-05-08
966_20240514,KUT_HKI_966_102_10,966_20240514,2024-05-14
966_20240516,KUT_HKI_966_102_10,966_20240516,2024-05-16
966_20240520,KUT_HKI_966_102_10,966_20240520,2024-05-20
966_20240522,KUT_HKI_966_102_10,966_20240522,2024-05-22
966_20240507,KUT_HKI_966_102_10,966_20240507,2024-05-07
966_20240525,KUT_HKI_966_102_10,966_20240525,2024-05-25
966_20240512,KUT_HKI_966_102_10,966_20240512,2024-05-12
966_20241214,KUT_HKI_966_102_10,966_20241214,2024-12-14
58314_20251231,KVLA_VKA_58314_100_10,58314_20251231,2025-12-31
9636_20241214,TPE_HKI_R_109_10,9636_20241214,2024-12-14
9646_20241214,TPE_HKI_R_109_10,9646_20241214,2024-12-14
9660_20240512,TPE_HKI_R_109_10,9660_20240512,2024-05-12
9660_20240811,TPE_HKI_R_109_10,9660_20240811,2024-08-11
9660_20241110,TPE_HKI_R_109_10,9660_20241110,2024-11-10
9660_20241214,TPE_HKI_R_109_10,9660_20241214,2024-12-14
9660_20240804,TPE_HKI_R_109_10,9660_20240804,2024-08-04
9660_20241103,TPE_HKI_R_109_10,9660_20241103,2024-11-03
9660_20240505,TPE_HKI_R_109_10,9660_20240505,2024-05-05
75198_20240513,TUS_NNL_75198_100_9900,75198_20240513,2024-05-13
9672_20240804,TPE_HKI_R_109_10,9672_20240804,2024-08-04
9672_20241103,TPE_HKI_R_109_10,9672_20241103,2024-11-03
9672_20240512,TPE_HKI_R_109_10,9672_20240512,2024-05-12
9672_20240519,TPE_HKI_R_109_10,9672_20240519,2024-05-19
9672_20240811,TPE_HKI_R_109_10,9672_20240811,2024-08-11
9672_20240818,TPE_HKI_R_109_10,9672_20240818,2024-08-18
9672_20241110,TPE_HKI_R_109_10,9672_20241110,2024-11-10
9672_20241117,TPE_HKI_R_109_10,9672_20241117,2024-11-17
9672_20241214,TPE_HKI_R_109_10,9672_20241214,2024-12-14
9672_20240505,TPE_HKI_R_109_10,9672_20240505,2024-05-05
9686_20241214,TPE_HKI_R_109_10,9686_20241214,2024-12-14
9700_20241214,TPE_HKI_R_109_10,9700_20241214,2024-12-14
58856_20251231,HA_RIT_58856_100_10,58856_20251231,2025-12-31
9708_20241213,TPE_HKI_R_109_10,9708_20241213,2024-12-13
9712_20241214,TPE_HKI_R_109_10,9712_20241214,2024-12-14
9726_20241214,TPE_HKI_R_109_10,9726_20241214,2024-12-14
9734_20241214,TPE_HKI_R_109_10,9734_20241214,2024-12-14
9734_20240425,TPE_HKI_R_109_10,9734_20240425,2024-04-25
9734_20240426,TPE_HKI_R_109_10,9734_20240426,2024-04-26
9734_20240503,TPE_HKI_R_109_10,9734_20240503,2024-05-03
1971_20240509_replacement,MUR_LHN_1971_102_3163,1971_20240509_replacement,2024-05-09
10318_20240529,IMT_LR_10318_100_10,10318_20240529,2024-05-29
10318_20240530,IMT_LR_10318_100_10,10318_20240530,2024-05-30
10318_20240604,IMT_LR_10318_100_10,10318_20240604,2024-06-04
10318_20240607,IMT_LR_10318_100_10,10318_20240607,2024-06-07
10318_20240608,IMT_LR_10318_100_10,10318_20240608,2024-06-08
10318_20240609,IMT_LR_10318_100_10,10318_20240609,2024-06-09
10318_20240606,IMT_LR_10318_100_10,10318_20240606,2024-06-06
10318_20251231,IMT_LR_10318_100_10,10318_20251231,2025-12-31
10370_20251231,SIJ_KUO_10370_100_10,10370_20251231,2025-12-31
10376_20251231,KJÄ_ROI_10376_100_10,10376_20251231,2025-12-31
10376_20240527,KJÄ_ROI_10376_100_10,10376_20240527,2024-05-27
10376_20240602,KJÄ_ROI_10376_100_10,10376_20240602,2024-06-02
10376_20240609,KJÄ_ROI_10376_100_10,10376_20240609,2024-06-09
76100_20251231,NOK_VKA_76100_100_3177,76100_20251231,2025-12-31
2518_20241214,KVLA_HMA_2518_100_10,2518_20241214,2024-12-14
60025_20240623,ILR_HKI_60025_100_10,60025_20240623,2024-06-23
60047_20240621,ILR_HKI_60047_100_10,60047_20240621,2024-06-21
11066_20240522,KSK_SK_11066_100_10,11066_20240522,2024-05-22
11066_20240514,KSK_SK_11066_100_10,11066_20240514,2024-05-14
11066_20240530,KSK_SK_11066_100_10,11066_20240530,2024-05-30
11066_20251231,KSK_SK_11066_100_10,11066_20251231,2025-12-31
11066_20240505,KSK_SK_11066_100_10,11066_20240505,2024-05-05
11066_20240502,KSK_SK_11066_100_10,11066_20240502,2024-05-02
11066_20240529,KSK_SK_11066_100_10,11066_20240529,2024-05-29
11170_20240430,TPE_TL_11170_100_10,11170_20240430,2024-04-30
11170_20240503,TPE_TL_11170_100_10,11170_20240503,2024-05-03
11170_20240513,TPE_TL_11170_100_10,11170_20240513,2024-05-13
11170_20240514,TPE_TL_11170_100_10,11170_20240514,2024-05-14
11170_20251231,TPE_TL_11170_100_10,11170_20251231,2025-12-31
11170_20240502,TPE_TL_11170_100_10,11170_20240502,2024-05-02
11170_20240505,TPE_TL_11170_100_10,11170_20240505,2024-05-05
11170_20240507,TPE_TL_11170_100_10,11170_20240507,2024-05-07
11170_20240509,TPE_TL_11170_100_10,11170_20240509,2024-05-09
11170_20240516,TPE_TL_11170_100_10,11170_20240516,2024-05-16
11170_20240512,TPE_TL_11170_100_10,11170_20240512,2024-05-12
11170_20240530,TPE_TL_11170_100_10,11170_20240530,2024-05-30
11170_20240527,TPE_TL_11170_100_10,11170_20240527,2024-05-27
11170_20240429,TPE_TL_11170_100_10,11170_20240429,2024-04-29
11170_20240523,TPE_TL_11170_100_10,11170_20240523,2024-05-23
11175_20240510,LRS_JTS_11175_100_10,11175_20240510,2024-05-10
11175_20251231,LRS_JTS_11175_100_10,11175_20251231,2025-12-31
11175_20240515,LRS_JTS_11175_100_10,11175_20240515,2024-05-15
11187_20240513,PRI_TKO_11187_100_10,11187_20240513,2024-05-13
11187_20240529,PRI_TKO_11187_100_10,11187_20240529,2024-05-29
11187_20240509,PRI_TKO_11187_100_10,11187_20240509,2024-05-09
11187_20240515,PRI_TKO_11187_100_10,11187_20240515,2024-05-15
11187_20240517,PRI_TKO_11187_100_10,11187_20240517,2024-05-17
11187_20240521,PRI_TKO_11187_100_10,11187_20240521,2024-05-21
11187_20240507,PRI_TKO_11187_100_10,11187_20240507,2024-05-07
11187_20240501,PRI_TKO_11187_100_10,11187_20240501,2024-05-01
11187_20240503,PRI_TKO_11187_100_10,11187_20240503,2024-05-03
11187_20240425,PRI_TKO_11187_100_10,11187_20240425,2024-04-25
11187_20240429,PRI_TKO_11187_100_10,11187_20240429,2024-04-29
11187_20240531,PRI_TKO_11187_100_10,11187_20240531,2024-05-31
11187_20240523,PRI_TKO_11187_100_10,11187_20240523,2024-05-23
11187_20240527,PRI_TKO_11187_100_10,11187_20240527,2024-05-27
11187_20240428,PRI_TKO_11187_100_10,11187_20240428,2024-04-28
11187_20240512,PRI_TKO_11187_100_10,11187_20240512,2024-05-12
11187_20240526,PRI_TKO_11187_100_10,11187_20240526,2024-05-26
11187_20251231,PRI_TKO_11187_100_10,11187_20251231,2025-12-31
11187_20240530,PRI_TKO_11187_100_10,11187_20240530,2024-05-30
11187_20240510,PRI_TKO_11187_100_10,11187_20240510,2024-05-10
11187_20240524,PRI_TKO_11187_100_10,11187_20240524,2024-05-24
11187_20240520,PRI_TKO_11187_100_10,11187_20240520,2024-05-20
11187_20240514,PRI_TKO_11187_100_10,11187_20240514,2024-05-14
11187_20240516,PRI_TKO_11187_100_10,11187_20240516,2024-05-16
11187_20240522,PRI_TKO_11187_100_10,11187_20240522,2024-05-22
11187_20240528,PRI_TKO_11187_100_10,11187_20240528,2024-05-28
11187_20240508,PRI_TKO_11187_100_10,11187_20240508,2024-05-08
11187_20240502,PRI_TKO_11187_100_10,11187_20240502,2024-05-02
11187_20240506,PRI_TKO_11187_100_10,11187_20240506,2024-05-06
11187_20240426,PRI_TKO_11187_100_10,11187_20240426,2024-04-26
11187_20240430,PRI_TKO_11187_100_10,11187_20240430,2024-04-30
11187_20240505,PRI_TKO_11187_100_10,11187_20240505,2024-05-05
11187_20240519,PRI_TKO_11187_100_10,11187_20240519,2024-05-19
11193_20251231,TLV_KAJ_11193_100_10,11193_20251231,2025-12-31
11247_20240526,PMT_ILM_11247_100_10,11247_20240526,2024-05-26
3069_20241213,VKA_OLT_3069_100_10,3069_20241213,2024-12-13
11262_20240529,IMT_LRS_11262_100_10,11262_20240529,2024-05-29
11262_20240510,IMT_LRS_11262_100_10,11262_20240510,2024-05-10
11262_20240530,IMT_LRS_11262_100_10,11262_20240530,2024-05-30
11262_20240531,IMT_LRS_11262_100_10,11262_20240531,2024-05-31
11262_20240601,IMT_LRS_11262_100_10,11262_20240601,2024-06-01
11262_20240425,IMT_LRS_11262_100_10,11262_20240425,2024-04-25
11262_20240509,IMT_LRS_11262_100_10,11262_20240509,2024-05-09
11262_20240429,IMT_LRS_11262_100_10,11262_20240429,2024-04-29
11262_20240506,IMT_LRS_11262_100_10,11262_20240506,2024-05-06
11262_20240502,IMT_LRS_11262_100_10,11262_20240502,2024-05-02
11262_20251231,IMT_LRS_11262_100_10,11262_20251231,2025-12-31
52226_20251231,PMT_KY_52226_100_10,52226_20251231,2025-12-31
52226_20240426,PMT_KY_52226_100_10,52226_20240426,2024-04-26
52226_20240503,PMT_KY_52226_100_10,52226_20240503,2024-05-03
52226_20240430,PMT_KY_52226_100_10,52226_20240430,2024-04-30
11495_20251231,JRI_KVLA_11495_100_10,11495_20251231,2025-12-31
11507_20251231,TPE_OV_11507_100_10,11507_20251231,2025-12-31
11569_20240514,UIM_PTK_11569_100_10,11569_20240514,2024-05-14
11569_20241211,UIM_PTK_11569_100_10,11569_20241211,2024-12-11
11569_20240521,UIM_PTK_11569_100_10,11569_20240521,2024-05-21
11569_20240528,UIM_PTK_11569_100_10,11569_20240528,2024-05-28
3411_20241213,VKA_ÄKI_3411_100_10,3411_20241213,2024-12-13
11617_20240513,ENO_PTK_11617_100_10,11617_20240513,2024-05-13
11617_20240527,ENO_PTK_11617_100_10,11617_20240527,2024-05-27
11618_20240429_replacement,PTK_ENO_11618_100_10,11618_20240429_replacement,2024-04-29
60945_20240623,ILR_HKI_60945_100_10,60945_20240623,2024-06-23
52760_20240513,PLT_IMT_52760_100_10,52760_20240513,2024-05-13
52760_20240528,PLT_IMT_52760_100_10,52760_20240528,2024-05-28
52760_20240520,PLT_IMT_52760_100_10,52760_20240520,2024-05-20
52760_20240527,PLT_IMT_52760_100_10,52760_20240527,2024-05-27
52760_20251231,PLT_IMT_52760_100_10,52760_20251231,2025-12-31
52760_20240524,PLT_IMT_52760_100_10,52760_20240524,2024-05-24
52760_20240518,PLT_IMT_52760_100_10,52760_20240518,2024-05-18
52760_20240512,PLT_IMT_52760_100_10,52760_20240512,2024-05-12
52763_20240517,IMT_KIT_52763_100_10,52763_20240517,2024-05-17
52763_20251231,IMT_KIT_52763_100_10,52763_20251231,2025-12-31
60958_20240622,HKI_ILR_60958_100_10,60958_20240622,2024-06-22
11822_20251231,KV_IKR_11822_100_10,11822_20251231,2025-12-31
11831_20251231,TPET_OV_11831_100_10,11831_20251231,2025-12-31
11873_20251231,KRN_RI_11873_100_10,11873_20251231,2025-12-31
52855_20251231,RILA_JTS_52855_100_10,52855_20251231,2025-12-31
61058_20240622,HKI_ILR_61058_100_10,61058_20240622,2024-06-22
61058_20240430,HKI_ILR_61058_100_10,61058_20240430,2024-04-30
61058_20240510,HKI_ILR_61058_100_10,61058_20240510,2024-05-10
61058_20240503,HKI_ILR_61058_100_10,61058_20240503,2024-05-03
61058_20240508,HKI_ILR_61058_100_10,61058_20240508,2024-05-08
52867_20240516,RIT_IMT_52867_100_10,52867_20240516,2024-05-16
52867_20240530,RIT_IMT_52867_100_10,52867_20240530,2024-05-30
52867_20240512,RIT_IMT_52867_100_10,52867_20240512,2024-05-12
52867_20240526,RIT_IMT_52867_100_10,52867_20240526,2024-05-26
3873_20241213,HVA_MN_3873_100_10,3873_20241213,2024-12-13
4218_20241212,ILM_PMT_4218_100_10,4218_20241212,2024-12-12
53607_20240511_replacement,VKA_ÄKI_53607_100_10,53607_20240511_replacement,2024-05-11
53681_20251231,KRN_RIT_53681_100_10,53681_20251231,2025-12-31
61979_20240620,ILR_HKI_61979_100_10,61979_20240620,2024-06-20
62009_20241214,IMR_IMT_62009_100_10,62009_20241214,2024-12-14
53860_20240508,PRI_HVA_53860_100_10,53860_20240508,2024-05-08
53860_20251231,PRI_HVA_53860_100_10,53860_20251231,2025-12-31
5054_20241214,YKSV_RSU_5054_100_10,5054_20241214,2024-12-14
5380_20241214,KON_UIM_5380_100_10,5380_20241214,2024-12-14
5487_20241213,ALH_YV_5487_100_10,5487_20241213,2024-12-13
5605_20241209,OLT_KEM_5605_100_10,5605_20241209,2024-12-09
5620_20241212,KEM_OLT_5620_100_10,5620_20241212,2024-12-12
55002_20251231,RAT_HL_55002_100_10,55002_20251231,2025-12-31
55158_20240601_replacement,PTG_KEM_55158_100_10,55158_20240601_replacement,2024-06-01
55328_20251231,OLT_KON_55328_100_10,55328_20251231,2025-12-31
63641_20241214,BSL_VNA_63641_100_3803,63641_20241214,2024-12-14
55677_20240601,HYS_KON_55677_100_10,55677_20240601,2024-06-01
55677_20251231,HYS_KON_55677_100_10,55677_20251231,2025-12-31
55732_20251231,KUK_RIT_55732_100_10,55732_20251231,2025-12-31
64020_20240620,ILR_HKI_64020_100_10,64020_20240620,2024-06-20
64190_20251231,ILR_HKI_64190_100_10,64190_20251231,2025-12-31
64487_20240623,HKI_ILR_64487_100_10,64487_20240623,2024-06-23
7304_20241212,VNA_KVLA_7304_100_3803,7304_20241212,2024-12-12
65112_20251231,ILR_HKI_65112_100_10,65112_20251231,2025-12-31
